config,workload,rtl_cycles,model_cycles
w1_l64_c8192,broadcast,406,299
w1_l64_c8192,coalesced_aligned,21302,20200
w1_l64_c8192,coalesced_misaligned,21606,20499
w1_l64_c8192,strided_k,84902,80800
w1_l64_c8192,reverse,21302,20200
w1_l64_c8192,transpose,6948866,6619136
w1_l64_c8192,tiled,436226,413696
w1_l64_c8192,random_uniform,5786,5574
w1_l64_c8192,gather,6678,6396
w1_l64_c8192,hotspot,6420,6138
w2_l64_c8192,broadcast,406,299
w2_l64_c8192,coalesced_aligned,21302,20200
w2_l64_c8192,coalesced_misaligned,21606,20499
w2_l64_c8192,strided_k,84902,80800
w2_l64_c8192,reverse,21302,20200
w2_l64_c8192,transpose,6948866,6619136
w2_l64_c8192,tiled,436226,413696
w2_l64_c8192,random_uniform,5786,5574
w2_l64_c8192,gather,6678,6396
w2_l64_c8192,hotspot,6420,6138
w4_l128_c8192,broadcast,406,299
w4_l128_c8192,coalesced_aligned,10702,10100
w4_l128_c8192,coalesced_misaligned,11006,10399
w4_l128_c8192,strided_k,42502,40400
w4_l128_c8192,reverse,10702,10100
w4_l128_c8192,transpose,6948866,6619136
w4_l128_c8192,tiled,436226,413696
w4_l128_c8192,random_uniform,3332,3175
w4_l128_c8192,gather,4012,3820
w4_l128_c8192,hotspot,3790,3598
w4_l32_c8192,broadcast,406,299
w4_l32_c8192,coalesced_aligned,42502,40400
w4_l32_c8192,coalesced_misaligned,42806,40699
w4_l32_c8192,strided_k,169702,161600
w4_l32_c8192,reverse,42502,40400
w4_l32_c8192,transpose,6948866,6619136
w4_l32_c8192,tiled,870402,827392
w4_l32_c8192,random_uniform,9130,8813
w4_l32_c8192,gather,11326,10869
w4_l32_c8192,hotspot,11104,10647
w4_l64_c2048,broadcast,406,299
w4_l64_c2048,coalesced_aligned,21302,20200
w4_l64_c2048,coalesced_misaligned,21606,20499
w4_l64_c2048,strided_k,84902,80800
w4_l64_c2048,reverse,21302,20200
w4_l64_c2048,transpose,6948866,6619136
w4_l64_c2048,tiled,436226,413696
w4_l64_c2048,random_uniform,5786,5574
w4_l64_c2048,gather,18014,17187
w4_l64_c2048,hotspot,14220,13563
w4_l64_c32768,broadcast,406,299
w4_l64_c32768,coalesced_aligned,21302,20200
w4_l64_c32768,coalesced_misaligned,21606,20499
w4_l64_c32768,strided_k,84902,80800
w4_l64_c32768,reverse,21302,20200
w4_l64_c32768,transpose,559106,536576
w4_l64_c32768,tiled,436226,413696
w4_l64_c32768,random_uniform,5786,5574
w4_l64_c32768,gather,6678,6396
w4_l64_c32768,hotspot,6420,6138
w4_l64_c8192,broadcast,406,299
w4_l64_c8192,coalesced_aligned,21302,20200
w4_l64_c8192,coalesced_misaligned,21606,20499
w4_l64_c8192,strided_k,84902,80800
w4_l64_c8192,reverse,21302,20200
w4_l64_c8192,transpose,6948866,6619136
w4_l64_c8192,tiled,436226,413696
w4_l64_c8192,random_uniform,5786,5574
w4_l64_c8192,gather,6678,6396
w4_l64_c8192,hotspot,6420,6138
w8_l64_c8192,broadcast,406,299
w8_l64_c8192,coalesced_aligned,21302,20200
w8_l64_c8192,coalesced_misaligned,21606,20499
w8_l64_c8192,strided_k,84902,80800
w8_l64_c8192,reverse,21302,20200
w8_l64_c8192,transpose,6948866,6619136
w8_l64_c8192,tiled,436226,413696
w8_l64_c8192,random_uniform,5786,5574
w8_l64_c8192,gather,6678,6396
w8_l64_c8192,hotspot,6420,6138
